date,compound,sentiment_score
29/11/2017 19:48,0.34,1.0
30/11/2017 02:41,0.0,0.5
30/11/2017 14:24,0.0,0.5
30/11/2017 14:37,0.1779,0.5
30/11/2017 15:52,0.5267,1.0
30/11/2017 16:37,0.34,1.0
30/11/2017 20:50,0.4939,1.0
30/11/2017 20:59,0.4404,1.0
30/11/2017 23:53,0.5994,1.0
01/12/2017 00:14,0.296,1.0
01/12/2017 01:11,0.5859,1.0
01/12/2017 02:23,0.4404,1.0
01/12/2017 07:52,0.1779,0.5
01/12/2017 13:00,-0.3612,0.0
04/12/2017 03:27,0.296,1.0
04/12/2017 22:01,-0.5859,0.0
06/12/2017 17:16,0.1779,0.5
06/12/2017 21:43,0.1779,0.5
06/12/2017 21:48,0.128,0.5
08/12/2017 09:55,0.1779,0.5
08/12/2017 13:30,0.0,0.5
13/12/2017 14:19,0.7906,1.0
13/12/2017 14:59,0.1779,0.5
13/12/2017 15:46,0.0,0.5
13/12/2017 22:25,-0.2263,0.0
14/12/2017 20:11,0.1779,0.5
14/12/2017 22:54,0.1779,0.5
15/12/2017 00:06,0.2023,1.0
15/12/2017 09:53,0.1779,0.5
15/12/2017 12:57,-0.34,0.0
15/12/2017 16:10,-0.34,0.0
15/12/2017 17:22,0.4767,1.0
15/12/2017 18:35,0.3612,1.0
18/12/2017 08:14,-0.6908,0.0
18/12/2017 12:00,0.1779,0.5
18/12/2017 19:25,0.1779,0.5
19/12/2017 21:49,0.2023,1.0
20/12/2017 16:09,0.5307,1.0
20/12/2017 17:05,-0.34,0.0
21/12/2017 13:15,-0.5574,0.0
21/12/2017 13:46,0.1779,0.5
22/12/2017 17:16,0.1779,0.5
26/12/2017 15:32,0.4019,1.0
28/12/2017 14:12,0.1779,0.5
28/12/2017 19:49,0.296,1.0
29/12/2017 13:20,0.5859,1.0
29/12/2017 19:03,0.1779,0.5
29/12/2017 20:25,0.2449,1.0
29/12/2017 21:12,0.2449,1.0
29/12/2017 23:21,0.1779,0.5
30/12/2017 00:24,0.2449,1.0
02/01/2018 18:02,0.1779,0.5
03/01/2018 21:48,0.2023,1.0
04/01/2018 13:06,0.0,0.5
05/01/2018 15:10,0.1779,0.5
09/01/2018 01:08,0.4019,1.0
09/01/2018 18:25,0.0,0.5
09/01/2018 19:52,0.0,0.5
10/01/2018 11:19,0.1779,0.5
11/01/2018 12:44,0.0,0.5
13/01/2018 03:30,0.0,0.5
16/01/2018 14:07,0.0,0.5
16/01/2018 18:25,0.4019,1.0
17/01/2018 20:14,0.0,0.5
18/01/2018 11:37,0.5267,1.0
18/01/2018 14:11,0.1779,0.5
18/01/2018 14:13,0.0,0.5
18/01/2018 16:16,0.0258,0.5
18/01/2018 21:52,0.0,0.5
18/01/2018 23:34,-0.296,0.0
19/01/2018 00:05,-0.3182,0.0
19/01/2018 14:08,0.0,0.5
19/01/2018 14:27,0.1779,0.5
19/01/2018 15:06,0.0,0.5
19/01/2018 18:06,0.4588,1.0
19/01/2018 22:30,0.4168,1.0
22/01/2018 13:18,-0.8271,0.0
22/01/2018 20:09,0.0,0.5
22/01/2018 21:15,0.0258,0.5
23/01/2018 07:32,0.0,0.5
23/01/2018 17:33,0.1779,0.5
29/01/2018 12:00,0.0,0.5
29/01/2018 12:04,0.8271,1.0
30/01/2018 12:08,0.0,0.5
30/01/2018 12:22,0.1779,0.5
30/01/2018 13:18,0.0772,0.5
30/01/2018 14:02,0.296,1.0
30/01/2018 15:58,0.0,0.5
30/01/2018 17:42,0.0,0.5
30/01/2018 20:15,-0.4019,0.0
31/01/2018 01:00,-0.4019,0.0
31/01/2018 02:52,-0.1027,0.5
31/01/2018 12:44,-0.4019,0.0
01/02/2018 21:08,0.7269,1.0
01/02/2018 21:21,0.296,1.0
02/02/2018 01:21,0.6808,1.0
02/02/2018 13:29,0.4877,1.0
02/02/2018 13:56,-0.0516,0.5
02/02/2018 20:22,0.743,1.0
02/02/2018 20:22,0.4767,1.0
05/02/2018 05:28,0.1779,0.5
05/02/2018 11:26,0.4767,1.0
07/02/2018 16:56,0.1779,0.5
07/02/2018 20:39,-0.1531,0.5
08/02/2018 06:40,0.1779,0.5
09/02/2018 16:57,0.1779,0.5
09/02/2018 19:14,0.1027,0.5
09/02/2018 19:27,0.1779,0.5
09/02/2018 19:29,0.5267,1.0
09/02/2018 21:57,0.1779,0.5
09/02/2018 22:06,0.4404,1.0
09/02/2018 22:13,0.296,1.0
12/02/2018 13:22,0.296,1.0
12/02/2018 16:46,-0.128,0.5
12/02/2018 17:07,0.0516,0.5
12/02/2018 18:32,0.0516,0.5
12/02/2018 21:04,-0.2263,0.0
14/02/2018 12:00,0.1779,0.5
14/02/2018 18:57,0.1779,0.5
14/02/2018 20:12,0.8779,1.0
14/02/2018 22:12,0.0,0.5
14/02/2018 23:02,0.1779,0.5
15/02/2018 03:01,0.4215,1.0
15/02/2018 16:58,0.1779,0.5
15/02/2018 19:01,0.0772,0.5
15/02/2018 21:07,0.0,0.5
15/02/2018 22:27,0.0772,0.5
16/02/2018 01:04,0.0,0.5
16/02/2018 05:28,0.0,0.5
16/02/2018 14:13,0.128,0.5
19/02/2018 10:01,0.0,0.5
20/02/2018 13:21,0.1779,0.5
20/02/2018 18:57,0.5106,1.0
21/02/2018 17:12,0.3612,1.0
22/02/2018 14:51,0.2449,1.0
22/02/2018 14:58,0.1779,0.5
22/02/2018 17:57,0.4215,1.0
23/02/2018 17:22,0.0,0.5
26/02/2018 14:03,0.0,0.5
26/02/2018 22:44,0.1779,0.5
26/02/2018 23:19,0.1779,0.5
27/02/2018 02:30,0.25,1.0
27/02/2018 14:07,0.0,0.5
27/02/2018 21:02,0.5574,1.0
27/02/2018 21:34,0.1779,0.5
28/02/2018 07:10,0.1779,0.5
28/02/2018 10:11,0.1779,0.5
28/02/2018 11:26,0.1779,0.5
28/02/2018 20:50,0.4767,1.0
01/03/2018 16:15,0.4404,1.0
04/03/2018 12:56,0.1779,0.5
05/03/2018 12:12,0.0,0.5
05/03/2018 12:50,0.4939,1.0
05/03/2018 15:09,0.4939,1.0
05/03/2018 17:27,0.1779,0.5
06/03/2018 06:08,0.1027,0.5
06/03/2018 21:00,0.3612,1.0
07/03/2018 23:34,0.3182,1.0
08/03/2018 14:56,0.128,0.5
08/03/2018 20:44,0.5106,1.0
08/03/2018 20:48,0.2481,1.0
08/03/2018 21:13,0.2481,1.0
09/03/2018 01:13,0.2481,1.0
10/03/2018 01:09,0.7096,1.0
12/03/2018 15:43,-0.34,0.0
13/03/2018 09:41,0.0516,0.5
13/03/2018 11:01,0.0516,0.5
13/03/2018 14:26,0.264,1.0
13/03/2018 14:57,-0.34,0.0
13/03/2018 16:00,-0.1779,0.5
13/03/2018 17:04,-0.4588,0.0
14/03/2018 11:11,-0.128,0.5
14/03/2018 13:11,0.4588,1.0
14/03/2018 16:31,-0.128,0.5
15/03/2018 10:05,-0.6249,0.0
15/03/2018 15:18,0.128,0.5
15/03/2018 15:48,0.128,0.5
15/03/2018 18:35,-0.3818,0.0
16/03/2018 20:51,-0.3818,0.0
17/03/2018 01:30,0.5106,1.0
18/03/2018 17:00,0.5106,1.0
19/03/2018 11:00,0.0,0.5
19/03/2018 20:32,0.1779,0.5
19/03/2018 22:03,0.0,0.5
19/03/2018 22:17,0.1779,0.5
20/03/2018 04:31,0.1779,0.5
20/03/2018 18:10,0.296,1.0
20/03/2018 21:34,0.8122,1.0
23/03/2018 14:59,0.2023,1.0
26/03/2018 07:05,0.1779,0.5
26/03/2018 20:07,0.0,0.5
26/03/2018 20:10,0.1779,0.5
26/03/2018 21:48,0.6597,1.0
27/03/2018 07:07,0.4404,1.0
27/03/2018 09:06,0.1779,0.5
27/03/2018 12:14,0.1779,0.5
27/03/2018 12:23,0.1779,0.5
27/03/2018 12:55,0.1779,0.5
27/03/2018 15:34,0.0,0.5
27/03/2018 16:17,0.1779,0.5
27/03/2018 17:01,0.1779,0.5
28/03/2018 13:36,-0.34,0.0
28/03/2018 14:24,0.0,0.5
28/03/2018 15:45,-0.0772,0.5
28/03/2018 16:02,-0.128,0.5
28/03/2018 18:57,0.4019,1.0
28/03/2018 19:31,0.4404,1.0
28/03/2018 20:04,-0.25,0.0
28/03/2018 21:06,-0.4939,0.0
28/03/2018 21:12,0.296,1.0
29/03/2018 09:19,0.0772,0.5
29/03/2018 12:24,-0.34,0.0
29/03/2018 15:39,0.0,0.5
29/03/2018 16:54,0.0,0.5
29/03/2018 18:02,-0.4404,0.0
29/03/2018 18:07,-0.4404,0.0
29/03/2018 18:21,-0.128,0.5
29/03/2018 18:24,-0.128,0.5
29/03/2018 19:29,0.34,1.0
29/03/2018 22:10,-0.34,0.0
30/03/2018 06:55,0.0,0.5
01/04/2018 13:52,-0.296,0.0
02/04/2018 13:56,-0.0516,0.5
02/04/2018 14:30,-0.3182,0.0
02/04/2018 15:45,-0.0516,0.5
03/04/2018 06:26,0.0,0.5
03/04/2018 07:19,-0.2023,0.0
03/04/2018 14:12,0.34,1.0
03/04/2018 17:53,0.1779,0.5
03/04/2018 19:36,0.34,1.0
03/04/2018 20:06,0.5267,1.0
03/04/2018 20:27,0.34,1.0
03/04/2018 20:27,-0.5574,0.0
03/04/2018 21:29,-0.1531,0.5
03/04/2018 21:44,-0.0644,0.5
03/04/2018 23:03,0.5386,1.0
04/04/2018 03:15,0.1779,0.5
04/04/2018 07:40,0.1779,0.5
04/04/2018 15:21,0.3612,1.0
04/04/2018 16:14,0.3612,1.0
04/04/2018 17:53,0.1779,0.5
05/04/2018 13:29,0.0,0.5
05/04/2018 17:30,0.5574,1.0
05/04/2018 21:09,0.1027,0.5
05/04/2018 23:36,0.1027,0.5
06/04/2018 09:44,0.0,0.5
09/04/2018 15:29,0.431,1.0
10/04/2018 04:05,0.1027,0.5
12/04/2018 15:22,-0.6174,0.0
13/04/2018 15:40,-0.296,0.0
15/04/2018 08:02,0.1779,0.5
16/04/2018 07:31,0.5719,1.0
16/04/2018 17:13,0.0,0.5
16/04/2018 17:17,0.1779,0.5
16/04/2018 18:52,0.0,0.5
16/04/2018 19:49,0.128,0.5
17/04/2018 06:23,-0.128,0.5
17/04/2018 11:03,0.296,1.0
17/04/2018 13:34,0.5994,1.0
17/04/2018 21:05,0.1779,0.5
18/04/2018 01:50,-0.5859,0.0
18/04/2018 02:02,0.1779,0.5
18/04/2018 08:25,0.5423,1.0
18/04/2018 10:11,0.6705,1.0
18/04/2018 16:55,0.1779,0.5
18/04/2018 20:38,0.0,0.5
18/04/2018 21:19,0.1779,0.5
22/04/2018 18:44,0.4588,1.0
23/04/2018 05:26,0.296,1.0
23/04/2018 21:52,0.0,0.5
23/04/2018 21:54,0.0,0.5
24/04/2018 04:13,0.1027,0.5
24/04/2018 04:43,0.1779,0.5
24/04/2018 11:10,0.1779,0.5
24/04/2018 13:12,-0.3818,0.0
24/04/2018 18:46,0.1779,0.5
24/04/2018 19:33,0.3612,1.0
24/04/2018 20:06,0.1027,0.5
24/04/2018 20:06,0.4939,1.0
24/04/2018 23:47,-0.3818,0.0
25/04/2018 08:51,-0.3612,0.0
25/04/2018 11:00,0.25,1.0
25/04/2018 14:14,0.25,1.0
26/04/2018 14:08,0.2382,1.0
26/04/2018 15:23,-0.2023,0.0
26/04/2018 18:24,0.4588,1.0
26/04/2018 20:05,0.0,0.5
26/04/2018 20:22,0.0,0.5
26/04/2018 21:08,0.09,0.5
26/04/2018 21:45,0.0,0.5
26/04/2018 22:09,0.6597,1.0
27/04/2018 00:51,0.296,1.0
27/04/2018 04:00,0.6908,1.0
27/04/2018 10:29,0.0,0.5
27/04/2018 12:08,0.6124,1.0
27/04/2018 14:29,0.25,1.0
27/04/2018 14:49,0.5994,1.0
27/04/2018 14:53,0.5994,1.0
27/04/2018 15:33,0.5719,1.0
27/04/2018 18:12,0.4215,1.0
27/04/2018 20:08,0.4325,1.0
27/04/2018 21:18,-0.2263,0.0
27/04/2018 21:39,0.7003,1.0
30/04/2018 15:02,0.0,0.5
30/04/2018 16:36,0.5267,1.0
30/04/2018 23:14,0.34,1.0
01/05/2018 12:18,0.5267,1.0
02/05/2018 08:16,0.1779,0.5
02/05/2018 08:20,0.0,0.5
02/05/2018 21:02,0.2263,1.0
02/05/2018 22:02,0.1779,0.5
03/05/2018 00:21,0.0,0.5
03/05/2018 00:36,0.1779,0.5
03/05/2018 01:20,0.1779,0.5
03/05/2018 08:49,0.1779,0.5
03/05/2018 19:54,0.1779,0.5
05/05/2018 18:14,0.0,0.5
05/05/2018 20:45,-0.25,0.0
05/05/2018 20:48,0.0,0.5
05/05/2018 23:22,0.0,0.5
07/05/2018 11:53,0.1779,0.5
07/05/2018 12:08,-0.296,0.0
07/05/2018 13:05,0.2023,1.0
07/05/2018 20:28,0.0,0.5
07/05/2018 20:55,0.7269,1.0
07/05/2018 22:39,0.1779,0.5
09/05/2018 12:19,-0.1779,0.5
09/05/2018 14:42,0.1779,0.5
09/05/2018 17:33,0.1779,0.5
09/05/2018 20:05,0.0,0.5
09/05/2018 20:29,0.1779,0.5
09/05/2018 22:37,0.4404,1.0
10/05/2018 05:17,0.1779,0.5
14/05/2018 15:31,0.2617,1.0
14/05/2018 22:02,0.0,0.5
14/05/2018 23:58,0.128,0.5
15/05/2018 00:49,0.6124,1.0
15/05/2018 10:57,0.1779,0.5
15/05/2018 14:12,0.0,0.5
15/05/2018 18:27,0.1779,0.5
15/05/2018 21:07,0.1779,0.5
16/05/2018 00:31,-0.3612,0.0
16/05/2018 20:08,0.0,0.5
18/05/2018 18:05,0.1779,0.5
18/05/2018 19:20,0.1779,0.5
21/05/2018 16:39,0.1779,0.5
21/05/2018 22:57,0.1779,0.5
24/05/2018 08:00,0.0,0.5
25/05/2018 01:20,0.0,0.5
29/05/2018 19:04,-0.2732,0.0
31/05/2018 06:50,0.1779,0.5
31/05/2018 19:00,0.25,1.0
01/06/2018 11:56,0.4767,1.0
06/06/2018 16:06,0.4215,1.0
07/06/2018 13:00,0.0,0.5
07/06/2018 17:01,0.1779,0.5
07/06/2018 19:52,-0.1779,0.5
07/06/2018 23:19,0.1779,0.5
08/06/2018 01:41,0.2023,1.0
08/06/2018 04:13,0.0,0.5
10/06/2018 21:22,0.1779,0.5
11/06/2018 06:47,0.1779,0.5
12/06/2018 15:06,0.2732,1.0
13/06/2018 00:51,0.1779,0.5
13/06/2018 01:10,0.0,0.5
13/06/2018 08:14,0.5267,1.0
14/06/2018 20:34,0.296,1.0
15/06/2018 00:07,0.5574,1.0
18/06/2018 09:05,0.1779,0.5
18/06/2018 13:56,0.5267,1.0
18/06/2018 14:26,0.1779,0.5
18/06/2018 21:21,0.0,0.5
19/06/2018 10:00,0.0,0.5
20/06/2018 09:15,0.0,0.5
20/06/2018 13:38,0.0,0.5
20/06/2018 21:55,0.1779,0.5
21/06/2018 15:14,0.0,0.5
21/06/2018 16:24,-0.5106,0.0
21/06/2018 17:02,0.1779,0.5
25/06/2018 13:57,0.2023,1.0
28/06/2018 11:28,0.2023,1.0
28/06/2018 12:39,0.1779,0.5
28/06/2018 12:46,0.1779,0.5
28/06/2018 13:17,0.1779,0.5
28/06/2018 13:33,-0.128,0.5
28/06/2018 14:17,0.1779,0.5
28/06/2018 15:33,0.1779,0.5
28/06/2018 16:07,0.2144,1.0
28/06/2018 17:12,0.6249,1.0
28/06/2018 19:39,-0.2732,0.0
28/06/2018 22:01,-0.1531,0.5
29/06/2018 10:29,0.0,0.5
04/07/2018 01:36,0.1779,0.5
10/07/2018 13:38,0.4215,1.0
10/07/2018 14:45,0.0516,0.5
13/07/2018 17:40,0.0,0.5
13/07/2018 20:23,0.1779,0.5
16/07/2018 22:09,-0.34,0.0
17/07/2018 12:34,0.0,0.5
18/07/2018 13:41,0.1779,0.5
18/07/2018 14:17,0.1779,0.5
18/07/2018 16:05,0.1779,0.5
18/07/2018 18:10,0.1779,0.5
18/07/2018 19:22,-0.0516,0.5
19/07/2018 03:06,0.0516,0.5
19/07/2018 05:52,0.1779,0.5
21/07/2018 07:44,0.1779,0.5
23/07/2018 10:00,0.0,0.5
23/07/2018 16:08,-0.0516,0.5
24/07/2018 22:05,0.0,0.5
25/07/2018 01:29,0.0,0.5
25/07/2018 07:54,0.2732,1.0
25/07/2018 11:05,0.1027,0.5
26/07/2018 16:35,0.0516,0.5
26/07/2018 21:38,0.5994,1.0
27/07/2018 00:45,0.0,0.5
27/07/2018 00:47,-0.0516,0.5
27/07/2018 00:52,0.1779,0.5
27/07/2018 15:32,0.8442,1.0
30/07/2018 05:00,0.0,0.5
30/07/2018 11:00,0.0,0.5
30/07/2018 18:19,0.0,0.5
31/07/2018 21:21,0.0772,0.5
01/08/2018 08:13,0.6369,1.0
01/08/2018 18:27,0.2023,1.0
01/08/2018 22:58,0.2023,1.0
02/08/2018 15:24,0.1779,0.5
03/08/2018 09:08,-0.1531,0.5
03/08/2018 11:58,0.4404,1.0
03/08/2018 12:00,0.0,0.5
03/08/2018 18:02,0.0,0.5
03/08/2018 21:31,0.0,0.5
05/08/2018 11:00,0.0,0.5
07/08/2018 19:06,0.0,0.5
07/08/2018 20:06,0.5267,1.0
07/08/2018 21:35,0.1779,0.5
08/08/2018 04:07,0.1779,0.5
08/08/2018 16:45,0.0772,0.5
09/08/2018 21:42,0.6705,1.0
14/08/2018 14:59,0.1779,0.5
16/08/2018 13:03,0.296,1.0
20/08/2018 19:17,-0.296,0.0
22/08/2018 16:13,0.1779,0.5
23/08/2018 01:54,-0.128,0.5
25/08/2018 00:24,0.5423,1.0
27/08/2018 06:20,-0.128,0.5
28/08/2018 21:13,-0.1779,0.5
29/08/2018 15:48,0.0,0.5
29/08/2018 17:06,0.0,0.5
30/08/2018 13:30,0.1779,0.5
30/08/2018 22:48,0.1779,0.5
31/08/2018 00:02,0.4404,1.0
31/08/2018 14:25,-0.25,0.0
31/08/2018 20:33,-0.2732,0.0
04/09/2018 08:47,-0.2263,0.0
04/09/2018 15:36,0.1779,0.5
04/09/2018 15:45,0.4767,1.0
04/09/2018 20:13,0.1779,0.5
04/09/2018 22:07,0.1779,0.5
07/09/2018 23:29,0.1779,0.5
10/09/2018 08:07,0.0,0.5
12/09/2018 17:11,0.1779,0.5
13/09/2018 15:51,0.1779,0.5
14/09/2018 01:15,0.1779,0.5
14/09/2018 04:18,0.4215,1.0
14/09/2018 14:43,0.0,0.5
14/09/2018 16:50,-0.6908,0.0
17/09/2018 05:31,0.0,0.5
17/09/2018 10:12,0.0,0.5
17/09/2018 16:31,0.1779,0.5
17/09/2018 20:42,0.0,0.5
18/09/2018 04:00,0.1779,0.5
18/09/2018 17:13,0.1779,0.5
19/09/2018 04:53,0.1779,0.5
19/09/2018 12:25,0.1779,0.5
19/09/2018 12:46,0.1779,0.5
19/09/2018 13:49,0.0,0.5
19/09/2018 16:47,0.0,0.5
19/09/2018 19:40,0.1779,0.5
19/09/2018 19:58,0.1779,0.5
19/09/2018 23:15,0.4767,1.0
20/09/2018 15:52,0.1779,0.5
20/09/2018 17:48,0.0516,0.5
20/09/2018 20:00,0.0,0.5
20/09/2018 20:24,0.0516,0.5
24/09/2018 18:39,0.1779,0.5
24/09/2018 21:54,0.1779,0.5
26/09/2018 12:50,0.1779,0.5
26/09/2018 16:32,0.1779,0.5
26/09/2018 20:34,0.1779,0.5
27/09/2018 13:31,0.5267,1.0
27/09/2018 22:51,0.1779,0.5
28/09/2018 18:57,-0.34,0.0
02/10/2018 10:09,0.1779,0.5
02/10/2018 11:07,0.1779,0.5
02/10/2018 18:59,0.4767,1.0
02/10/2018 18:59,0.1779,0.5
02/10/2018 20:22,0.1779,0.5
04/10/2018 11:51,0.1779,0.5
04/10/2018 19:19,0.1779,0.5
08/10/2018 21:16,0.4019,1.0
09/10/2018 13:32,0.1027,0.5
10/10/2018 13:43,0.6124,1.0
10/10/2018 14:24,0.6124,1.0
10/10/2018 23:04,0.0772,0.5
11/10/2018 19:44,0.3182,1.0
11/10/2018 23:45,-0.3818,0.0
12/10/2018 17:58,0.5719,1.0
15/10/2018 18:28,0.4767,1.0
16/10/2018 06:58,0.1779,0.5
16/10/2018 10:11,0.1779,0.5
16/10/2018 19:08,0.1779,0.5
17/10/2018 17:22,0.296,1.0
18/10/2018 11:33,0.4404,1.0
18/10/2018 21:32,0.1779,0.5
23/10/2018 01:10,0.0,0.5
24/10/2018 16:15,0.1779,0.5
24/10/2018 18:35,0.1779,0.5
25/10/2018 20:10,0.0258,0.5
25/10/2018 23:46,0.4588,1.0
26/10/2018 02:30,-0.3612,0.0
26/10/2018 12:02,0.4019,1.0
26/10/2018 17:06,0.624,1.0
26/10/2018 19:08,0.624,1.0
26/10/2018 21:08,-0.34,0.0
29/10/2018 12:32,0.1779,0.5
30/10/2018 13:35,-0.3182,0.0
30/10/2018 20:27,0.296,1.0
30/10/2018 23:31,0.4588,1.0
03/11/2018 19:01,-0.8176,0.0
04/11/2018 22:13,0.1779,0.5
05/11/2018 08:00,0.7717,1.0
05/11/2018 18:29,0.5267,1.0
05/11/2018 19:56,0.1779,0.5
05/11/2018 21:25,0.5267,1.0
05/11/2018 22:59,0.5267,1.0
06/11/2018 20:07,0.1779,0.5
07/11/2018 10:08,0.4905,1.0
07/11/2018 15:00,0.0,0.5
08/11/2018 05:10,0.0,0.5
08/11/2018 13:48,0.5267,1.0
09/11/2018 23:40,-0.2023,0.0
13/11/2018 04:29,0.0,0.5
13/11/2018 10:06,0.1779,0.5
13/11/2018 14:32,0.1779,0.5
13/11/2018 19:48,-0.5106,0.0
14/11/2018 00:26,0.264,1.0
15/11/2018 14:32,-0.3182,0.0
15/11/2018 18:04,-0.3182,0.0
19/11/2018 23:30,-0.1027,0.5
20/11/2018 12:10,0.5106,1.0
20/11/2018 14:56,0.1779,0.5
20/11/2018 16:57,0.1779,0.5
21/11/2018 12:22,0.1779,0.5
21/11/2018 23:19,-0.3612,0.0
22/11/2018 13:15,0.1779,0.5
23/11/2018 15:35,0.0516,0.5
26/11/2018 14:08,0.1779,0.5
26/11/2018 14:09,0.7096,1.0
27/11/2018 03:31,0.1779,0.5
27/11/2018 20:11,0.1779,0.5
27/11/2018 23:00,0.1779,0.5
28/11/2018 19:45,0.1779,0.5
28/11/2018 20:57,0.1779,0.5
29/11/2018 00:02,0.0,0.5
29/11/2018 09:31,0.1779,0.5
29/11/2018 10:14,0.1779,0.5
29/11/2018 14:16,0.1779,0.5
29/11/2018 14:16,0.1779,0.5
29/11/2018 19:56,0.0,0.5
30/11/2018 00:57,-0.1779,0.5
30/11/2018 13:20,0.3818,1.0
02/12/2018 19:53,0.1779,0.5
03/12/2018 17:57,0.5256,1.0
03/12/2018 23:40,0.624,1.0
04/12/2018 05:00,-0.3182,0.0
04/12/2018 20:00,0.0,0.5
05/12/2018 17:19,0.1779,0.5
05/12/2018 19:08,0.4404,1.0
06/12/2018 14:48,0.1779,0.5
07/12/2018 22:28,0.296,1.0
08/12/2018 00:44,0.0,0.5
10/12/2018 10:08,-0.128,0.5
10/12/2018 13:29,-0.128,0.5
11/12/2018 01:45,-0.4767,0.0
11/12/2018 17:21,0.296,1.0
12/12/2018 12:37,0.1779,0.5
12/12/2018 16:21,0.1779,0.5
13/12/2018 17:34,0.2023,1.0
13/12/2018 22:56,0.0,0.5
13/12/2018 23:32,0.0,0.5
13/12/2018 23:43,0.296,1.0
14/12/2018 21:59,0.1779,0.5
17/12/2018 14:29,0.0516,0.5
18/12/2018 00:59,-0.2263,0.0
18/12/2018 13:21,0.4215,1.0
20/12/2018 10:59,-0.25,0.0
20/12/2018 19:08,-0.128,0.5
26/12/2018 21:12,0.296,1.0
26/12/2018 21:22,0.0,0.5
28/12/2018 11:21,0.5267,1.0
28/12/2018 19:01,0.5267,1.0
31/12/2018 04:02,0.4588,1.0
02/01/2019 21:43,0.0772,0.5
04/01/2019 02:42,0.0516,0.5
07/01/2019 21:06,0.4019,1.0
07/01/2019 21:21,0.2732,1.0
07/01/2019 22:12,0.1779,0.5
08/01/2019 18:49,0.5423,1.0
09/01/2019 14:32,0.1779,0.5
09/01/2019 22:33,0.1779,0.5
10/01/2019 07:49,0.1779,0.5
10/01/2019 17:58,0.0,0.5
10/01/2019 19:10,-0.3612,0.0
10/01/2019 23:11,0.1779,0.5
14/01/2019 20:25,0.0,0.5
19/01/2019 11:37,-0.128,0.5
22/01/2019 12:34,0.0,0.5
22/01/2019 12:41,0.1779,0.5
23/01/2019 19:00,0.1027,0.5
23/01/2019 20:09,0.1027,0.5
29/01/2019 14:02,0.4404,1.0
30/01/2019 19:12,0.5994,1.0
31/01/2019 14:33,0.0,0.5
31/01/2019 14:33,0.1779,0.5
31/01/2019 18:55,0.1779,0.5
31/01/2019 21:05,-0.0516,0.5
31/01/2019 21:51,-0.296,0.0
01/02/2019 01:51,0.5267,1.0
01/02/2019 03:29,0.1779,0.5
01/02/2019 09:44,0.0,0.5
01/02/2019 15:09,0.1779,0.5
01/02/2019 21:06,0.0258,0.5
01/02/2019 21:25,0.5106,1.0
02/02/2019 01:23,-0.2263,0.0
04/02/2019 20:11,0.5256,1.0
04/02/2019 22:04,0.5256,1.0
05/02/2019 10:23,0.1779,0.5
05/02/2019 13:28,-0.2023,0.0
06/02/2019 01:11,-0.2263,0.0
06/02/2019 22:01,0.5256,1.0
07/02/2019 07:48,0.1779,0.5
07/02/2019 16:12,0.1779,0.5
07/02/2019 18:23,0.1779,0.5
07/02/2019 19:56,0.1779,0.5
07/02/2019 23:26,0.0,0.5
08/02/2019 02:55,0.0,0.5
08/02/2019 10:38,0.0,0.5
08/02/2019 14:29,0.0,0.5
08/02/2019 14:51,0.0,0.5
08/02/2019 18:02,-0.5267,0.0
08/02/2019 19:14,-0.5267,0.0
09/02/2019 00:17,0.0,0.5
09/02/2019 03:23,0.1779,0.5
11/02/2019 22:15,0.1779,0.5
12/02/2019 10:32,0.5994,1.0
13/02/2019 10:17,0.1779,0.5
13/02/2019 21:00,0.1779,0.5
13/02/2019 22:47,0.7096,1.0
14/02/2019 09:19,0.25,1.0
14/02/2019 12:34,0.1779,0.5
14/02/2019 12:53,-0.34,0.0
14/02/2019 16:47,-0.296,0.0
14/02/2019 17:00,-0.296,0.0
14/02/2019 20:19,0.296,1.0
14/02/2019 21:58,-0.1779,0.5
15/02/2019 03:01,0.1779,0.5
15/02/2019 03:01,-0.128,0.5
15/02/2019 11:00,0.1779,0.5
15/02/2019 14:33,0.1779,0.5
15/02/2019 16:24,0.1027,0.5
15/02/2019 20:26,0.1531,0.5
15/02/2019 21:34,-0.2263,0.0
15/02/2019 21:42,0.1779,0.5
15/02/2019 21:58,0.1779,0.5
15/02/2019 23:33,0.1779,0.5
19/02/2019 11:26,0.0,0.5
19/02/2019 14:31,0.0,0.5
19/02/2019 18:14,0.4767,1.0
21/02/2019 00:56,0.1779,0.5
22/02/2019 09:12,0.25,1.0
25/02/2019 00:12,0.1779,0.5
25/02/2019 21:38,0.1779,0.5
25/02/2019 23:01,0.1779,0.5
26/02/2019 00:04,0.1779,0.5
26/02/2019 18:26,0.2732,1.0
26/02/2019 18:52,0.2023,1.0
27/02/2019 09:45,0.1779,0.5
27/02/2019 14:24,0.0,0.5
27/02/2019 19:41,0.1779,0.5
01/03/2019 17:50,0.1779,0.5
01/03/2019 22:45,0.1779,0.5
05/03/2019 13:09,0.1779,0.5
05/03/2019 20:35,0.4404,1.0
06/03/2019 11:43,0.296,1.0
06/03/2019 20:13,0.1779,0.5
06/03/2019 21:27,0.1779,0.5
07/03/2019 02:03,0.1779,0.5
07/03/2019 12:53,0.4404,1.0
07/03/2019 17:32,0.296,1.0
08/03/2019 15:24,0.6124,1.0
10/03/2019 01:17,-0.1027,0.5
11/03/2019 22:24,-0.5574,0.0
12/03/2019 01:55,-0.4404,0.0
14/03/2019 10:19,0.1779,0.5
14/03/2019 15:00,0.2732,1.0
14/03/2019 15:55,0.2732,1.0
16/03/2019 22:22,-0.2263,0.0
16/03/2019 23:30,0.0772,0.5
17/03/2019 01:42,-0.1531,0.5
20/03/2019 19:54,-0.4767,0.0
21/03/2019 15:13,0.1779,0.5
27/03/2019 05:44,0.4939,1.0
27/03/2019 19:22,-0.4404,0.0
28/03/2019 09:43,0.1779,0.5
01/04/2019 16:28,0.3612,1.0
03/04/2019 14:30,0.0258,0.5
03/04/2019 17:59,0.1779,0.5
03/04/2019 22:36,0.296,1.0
04/04/2019 01:58,-0.0772,0.5
04/04/2019 15:09,0.1779,0.5
04/04/2019 17:28,0.1779,0.5
04/04/2019 19:32,0.1779,0.5
04/04/2019 20:24,0.1779,0.5
05/04/2019 09:19,0.1779,0.5
05/04/2019 09:48,-0.34,0.0
05/04/2019 10:00,-0.34,0.0
08/04/2019 15:07,-0.0258,0.5
09/04/2019 05:00,-0.296,0.0
09/04/2019 11:00,-0.296,0.0
10/04/2019 00:20,0.4767,1.0
10/04/2019 14:41,-0.296,0.0
10/04/2019 23:15,0.1779,0.5
11/04/2019 04:20,0.1779,0.5
11/04/2019 13:23,0.0772,0.5
11/04/2019 13:40,-0.4939,0.0
11/04/2019 18:56,0.7351,1.0
12/04/2019 00:01,0.0772,0.5
12/04/2019 00:48,0.1779,0.5
12/04/2019 01:42,0.1779,0.5
15/04/2019 11:25,0.0516,0.5
15/04/2019 15:25,0.4404,1.0
16/04/2019 13:00,0.1779,0.5
16/04/2019 16:17,0.1779,0.5
17/04/2019 18:18,0.1779,0.5
18/04/2019 02:36,0.0,0.5
18/04/2019 08:30,0.1779,0.5
18/04/2019 17:07,0.0,0.5
23/04/2019 05:50,0.2732,1.0
23/04/2019 10:57,0.5719,1.0
23/04/2019 14:57,0.5106,1.0
23/04/2019 19:18,0.0772,0.5
25/04/2019 20:06,0.1779,0.5
25/04/2019 20:50,0.5423,1.0
26/04/2019 17:05,0.0,0.5
26/04/2019 19:51,0.5574,1.0
29/04/2019 15:09,0.2023,1.0
29/04/2019 16:38,0.1779,0.5
29/04/2019 21:24,0.1779,0.5
30/04/2019 10:27,0.0,0.5
30/04/2019 14:12,0.3818,1.0
01/05/2019 13:15,0.1779,0.5
01/05/2019 13:17,0.1779,0.5
01/05/2019 16:19,0.1779,0.5
01/05/2019 16:21,0.0,0.5
01/05/2019 20:45,0.5574,1.0
01/05/2019 21:26,0.4404,1.0
02/05/2019 01:08,0.1779,0.5
03/05/2019 00:08,0.4404,1.0
03/05/2019 01:15,0.0,0.5
04/05/2019 17:00,0.0,0.5
04/05/2019 18:39,-0.6234,0.0
04/05/2019 18:45,-0.6234,0.0
06/05/2019 13:15,0.1779,0.5
06/05/2019 15:29,0.1779,0.5
08/05/2019 21:35,-0.6334,0.0
09/05/2019 15:34,0.4019,1.0
09/05/2019 17:27,0.0258,0.5
10/05/2019 15:08,-0.4215,0.0
13/05/2019 21:32,0.296,1.0
13/05/2019 23:18,0.4588,1.0
14/05/2019 05:31,0.6369,1.0
14/05/2019 06:09,0.1779,0.5
14/05/2019 11:00,0.6369,1.0
14/05/2019 18:20,-0.25,0.0
15/05/2019 20:39,0.1779,0.5
15/05/2019 21:22,0.1779,0.5
15/05/2019 22:32,0.0,0.5
16/05/2019 14:42,0.1779,0.5
16/05/2019 22:10,0.1779,0.5
17/05/2019 05:52,0.1779,0.5
17/05/2019 07:37,-0.25,0.0
17/05/2019 11:34,-0.5267,0.0
17/05/2019 15:48,0.2682,1.0
20/05/2019 23:09,-0.2263,0.0
22/05/2019 16:54,-0.0516,0.5
22/05/2019 16:57,-0.6808,0.0
22/05/2019 23:48,-0.4939,0.0
23/05/2019 08:00,0.0,0.5
24/05/2019 07:40,-0.6808,0.0
24/05/2019 21:48,0.2023,1.0
25/05/2019 00:41,0.2023,1.0
26/05/2019 23:27,-0.1779,0.5
28/05/2019 12:49,0.5423,1.0
28/05/2019 18:35,0.6908,1.0
29/05/2019 13:53,0.1779,0.5
31/05/2019 17:20,0.765,1.0
31/05/2019 20:58,0.5719,1.0
02/06/2019 04:37,0.1779,0.5
03/06/2019 10:42,0.1779,0.5
03/06/2019 13:35,-0.701,0.0
04/06/2019 13:20,0.1779,0.5
05/06/2019 12:18,0.1779,0.5
05/06/2019 17:30,0.1779,0.5
05/06/2019 20:03,0.5267,1.0
05/06/2019 20:34,0.4019,1.0
05/06/2019 23:58,0.5267,1.0
06/06/2019 12:02,0.1779,0.5
06/06/2019 12:02,0.0,0.5
06/06/2019 18:29,0.4939,1.0
06/06/2019 21:51,0.3612,1.0
07/06/2019 17:34,0.1779,0.5
07/06/2019 23:34,0.1779,0.5
10/06/2019 05:22,-0.5106,0.0
11/06/2019 03:39,0.1779,0.5
11/06/2019 05:10,0.1779,0.5
11/06/2019 19:47,-0.1531,0.5
12/06/2019 02:06,0.1779,0.5
13/06/2019 06:25,0.34,1.0
13/06/2019 08:23,0.34,1.0
13/06/2019 23:07,-0.1779,0.5
14/06/2019 00:18,-0.7269,0.0
20/06/2019 14:19,-0.4404,0.0
20/06/2019 17:45,0.0,0.5
21/06/2019 00:01,-0.5719,0.0
22/06/2019 02:04,0.1779,0.5
24/06/2019 15:50,0.6369,1.0
24/06/2019 20:40,0.6705,1.0
26/06/2019 00:56,-0.6908,0.0
27/06/2019 07:45,0.1779,0.5
27/06/2019 14:18,0.5267,1.0
27/06/2019 15:54,0.5267,1.0
28/06/2019 15:44,0.1779,0.5
29/06/2019 16:00,0.1779,0.5
02/07/2019 06:34,0.1779,0.5
02/07/2019 14:54,-0.0516,0.5
02/07/2019 22:18,0.6597,1.0
03/07/2019 21:34,0.1779,0.5
05/07/2019 06:27,0.1779,0.5
05/07/2019 07:44,0.5267,1.0
05/07/2019 17:03,0.0,0.5
06/07/2019 00:57,0.1779,0.5
10/07/2019 00:16,0.6705,1.0
10/07/2019 06:33,0.1779,0.5
10/07/2019 10:13,0.6369,1.0
10/07/2019 15:59,0.0,0.5
14/07/2019 09:02,0.4215,1.0
14/07/2019 21:55,-0.0516,0.5
15/07/2019 08:51,-0.0516,0.5
15/07/2019 11:00,0.5106,1.0
16/07/2019 00:45,-0.0516,0.5
16/07/2019 11:00,0.5994,1.0
16/07/2019 17:36,0.5267,1.0
16/07/2019 20:57,0.0,0.5
16/07/2019 22:33,0.5994,1.0
17/07/2019 02:31,0.1779,0.5
17/07/2019 08:29,0.1779,0.5
17/07/2019 09:58,0.1779,0.5
17/07/2019 13:10,0.1779,0.5
17/07/2019 16:47,0.1779,0.5
17/07/2019 16:54,0.1779,0.5
17/07/2019 18:32,-0.1779,0.5
18/07/2019 17:55,0.1779,0.5
18/07/2019 20:28,0.0,0.5
18/07/2019 21:30,-0.0258,0.5
22/07/2019 13:34,0.0,0.5
22/07/2019 19:08,0.1779,0.5
23/07/2019 22:57,0.0,0.5
23/07/2019 23:23,0.0,0.5
24/07/2019 20:04,-0.296,0.0
25/07/2019 20:05,-0.25,0.0
25/07/2019 20:08,0.4019,1.0
26/07/2019 00:31,0.4404,1.0
29/07/2019 12:20,0.1779,0.5
31/07/2019 01:39,0.0258,0.5
31/07/2019 10:36,0.0,0.5
31/07/2019 22:55,-0.0516,0.5
01/08/2019 02:06,-0.0516,0.5
01/08/2019 03:31,0.0,0.5
01/08/2019 12:00,0.1779,0.5
01/08/2019 12:59,0.4019,1.0
01/08/2019 17:23,0.4404,1.0
01/08/2019 19:59,0.1779,0.5
02/08/2019 01:39,0.5423,1.0
02/08/2019 12:39,0.1779,0.5
02/08/2019 15:08,0.1779,0.5
02/08/2019 23:46,-0.1027,0.5
05/08/2019 22:19,-0.3182,0.0
06/08/2019 09:36,0.3818,1.0
06/08/2019 13:14,-0.128,0.5
07/08/2019 12:19,0.1779,0.5
07/08/2019 16:54,0.1779,0.5
08/08/2019 17:23,0.0,0.5
12/08/2019 13:28,0.0,0.5
12/08/2019 14:28,-0.4019,0.0
13/08/2019 01:52,-0.2263,0.0
13/08/2019 12:47,0.1779,0.5
14/08/2019 20:40,0.0,0.5
14/08/2019 21:35,0.6124,1.0
17/08/2019 02:01,-0.6124,0.0
20/08/2019 21:02,-0.3818,0.0
21/08/2019 12:43,0.1779,0.5
21/08/2019 13:42,0.4939,1.0
22/08/2019 09:40,0.2732,1.0
22/08/2019 12:53,0.4767,1.0
22/08/2019 20:30,0.1779,0.5
23/08/2019 05:58,0.1779,0.5
23/08/2019 07:02,0.34,1.0
23/08/2019 20:27,0.1779,0.5
27/08/2019 20:53,-0.128,0.5
28/08/2019 11:50,0.1779,0.5
28/08/2019 12:59,0.1779,0.5
28/08/2019 19:27,0.1779,0.5
29/08/2019 21:09,-0.2732,0.0
02/09/2019 22:39,0.1779,0.5
03/09/2019 21:24,0.1779,0.5
04/09/2019 03:25,-0.1027,0.5
04/09/2019 06:24,0.1779,0.5
04/09/2019 14:58,0.1779,0.5
06/09/2019 01:55,0.0,0.5
06/09/2019 02:06,0.5106,1.0
07/09/2019 08:37,0.5267,1.0
10/09/2019 03:01,0.3182,1.0
10/09/2019 13:38,0.0258,0.5
10/09/2019 21:57,0.3182,1.0
12/09/2019 15:11,0.128,0.5
12/09/2019 16:19,-0.6369,0.0
13/09/2019 01:26,-0.6369,0.0
13/09/2019 15:35,0.2263,1.0
14/09/2019 01:18,-0.0516,0.5
17/09/2019 17:33,0.1779,0.5
18/09/2019 16:02,-0.6124,0.0
18/09/2019 20:49,0.4588,1.0
19/09/2019 09:28,-0.2732,0.0
19/09/2019 14:16,0.5267,1.0
19/09/2019 17:21,0.0,0.5
20/09/2019 10:21,0.1779,0.5
20/09/2019 18:14,0.1779,0.5
24/09/2019 19:39,0.1779,0.5
24/09/2019 23:09,0.5267,1.0
25/09/2019 17:35,0.1779,0.5
25/09/2019 18:10,0.0,0.5
25/09/2019 20:03,0.1779,0.5
25/09/2019 23:38,0.1779,0.5
26/09/2019 00:07,0.1779,0.5
26/09/2019 05:22,0.1779,0.5
30/09/2019 08:41,0.5719,1.0
03/10/2019 03:05,0.0,0.5
04/10/2019 18:43,-0.1779,0.5
04/10/2019 22:25,0.1779,0.5
07/10/2019 13:40,0.2732,1.0
08/10/2019 00:04,0.2732,1.0
08/10/2019 02:24,0.1779,0.5
10/10/2019 01:35,0.4215,1.0
11/10/2019 01:07,0.0,0.5
15/10/2019 08:21,0.25,1.0
15/10/2019 10:23,0.1531,0.5
15/10/2019 11:34,0.0,0.5
15/10/2019 11:49,0.3182,1.0
16/10/2019 02:00,0.0,0.5
16/10/2019 11:56,0.1779,0.5
17/10/2019 14:58,0.1779,0.5
22/10/2019 05:21,0.296,1.0
23/10/2019 12:19,0.0,0.5
23/10/2019 15:51,0.1779,0.5
23/10/2019 23:22,0.1779,0.5
24/10/2019 10:31,0.1779,0.5
24/10/2019 17:13,0.1779,0.5
24/10/2019 21:23,0.0,0.5
24/10/2019 23:59,0.34,1.0
25/10/2019 00:02,0.34,1.0
25/10/2019 13:08,0.1531,0.5
25/10/2019 13:39,0.1779,0.5
25/10/2019 15:27,0.1531,0.5
25/10/2019 21:02,0.1779,0.5
25/10/2019 23:13,0.5719,1.0
27/10/2019 16:00,0.5423,1.0
28/10/2019 11:44,0.5423,1.0
28/10/2019 11:44,0.6808,1.0
28/10/2019 17:56,0.4019,1.0
29/10/2019 04:35,-0.0772,0.5
29/10/2019 10:00,0.6124,1.0
29/10/2019 19:14,0.1779,0.5
30/10/2019 04:16,0.1779,0.5
01/11/2019 14:03,0.0,0.5
01/11/2019 21:50,0.1779,0.5
05/11/2019 22:11,0.5994,1.0
06/11/2019 07:07,0.0,0.5
06/11/2019 17:34,0.0,0.5
06/11/2019 22:17,0.0772,0.5
06/11/2019 22:48,-0.128,0.5
07/11/2019 01:01,0.0772,0.5
07/11/2019 08:28,0.5267,1.0
08/11/2019 13:28,0.1779,0.5
08/11/2019 22:52,0.1779,0.5
10/11/2019 01:40,-0.128,0.5
11/11/2019 10:00,0.0,0.5
11/11/2019 13:19,0.5719,1.0
11/11/2019 14:44,0.4588,1.0
11/11/2019 23:59,0.0,0.5
12/11/2019 12:56,0.0772,0.5
13/11/2019 22:01,-0.1779,0.5
14/11/2019 21:25,0.0,0.5
14/11/2019 22:29,0.4939,1.0
15/11/2019 05:36,0.264,1.0
15/11/2019 15:12,0.4939,1.0
15/11/2019 15:20,0.5994,1.0
15/11/2019 23:48,0.6705,1.0
15/11/2019 23:48,-0.6597,0.0
18/11/2019 11:14,0.2263,1.0
18/11/2019 18:09,0.0,0.5
18/11/2019 20:34,0.6124,1.0
18/11/2019 21:09,0.6124,1.0
19/11/2019 13:00,0.5574,1.0
19/11/2019 14:00,-0.4404,0.0
19/11/2019 17:29,0.0,0.5
19/11/2019 18:58,0.296,1.0
19/11/2019 22:20,0.5106,1.0
20/11/2019 00:32,0.1779,0.5
20/11/2019 01:46,0.5267,1.0
23/11/2019 00:39,-0.0516,0.5
23/11/2019 04:05,-0.0516,0.5
24/11/2019 15:13,0.1779,0.5
25/11/2019 04:45,0.1779,0.5
25/11/2019 23:46,-0.25,0.0
26/11/2019 00:11,-0.25,0.0
26/11/2019 11:32,-0.25,0.0
28/11/2019 01:20,0.5563,1.0
28/11/2019 08:59,0.1779,0.5
28/11/2019 15:20,-0.4019,0.0
29/11/2019 07:06,0.6808,1.0
29/11/2019 07:20,0.3182,1.0
29/11/2019 10:21,-0.0772,0.5
29/11/2019 15:14,-0.4404,0.0
29/11/2019 16:00,0.0,0.5
02/12/2019 16:10,0.1779,0.5
03/12/2019 19:43,0.1779,0.5
04/12/2019 11:13,0.6705,1.0
04/12/2019 14:13,0.0,0.5
04/12/2019 18:55,0.5849,1.0
05/12/2019 00:57,0.1779,0.5
05/12/2019 03:14,0.1779,0.5
06/12/2019 18:13,-0.296,0.0
06/12/2019 19:05,-0.296,0.0
06/12/2019 23:24,0.1779,0.5
08/12/2019 12:01,0.1779,0.5
09/12/2019 17:15,-0.6369,0.0
09/12/2019 21:00,-0.6369,0.0
10/12/2019 09:35,0.802,1.0
10/12/2019 18:38,-0.0516,0.5
11/12/2019 11:13,0.0,0.5
11/12/2019 14:39,0.1779,0.5
11/12/2019 16:31,0.1779,0.5
11/12/2019 16:42,-0.5267,0.0
12/12/2019 00:27,0.1779,0.5
12/12/2019 19:14,0.0,0.5
15/12/2019 18:42,0.0516,0.5
16/12/2019 20:18,-0.0516,0.5
17/12/2019 01:22,-0.0516,0.5
17/12/2019 14:51,-0.1987,0.5
17/12/2019 14:57,-0.1987,0.5
17/12/2019 21:19,0.3612,1.0
18/12/2019 01:05,0.1779,0.5
18/12/2019 14:58,0.5267,1.0
18/12/2019 18:24,0.5267,1.0
19/12/2019 17:57,0.1779,0.5
19/12/2019 22:20,0.1779,0.5
20/12/2019 13:42,0.0,0.5
20/12/2019 20:03,0.1779,0.5
26/12/2019 16:52,0.7351,1.0
26/12/2019 18:02,0.8176,1.0
26/12/2019 19:14,0.8176,1.0
26/12/2019 23:22,0.8689,1.0
27/12/2019 10:14,0.0,0.5
27/12/2019 12:43,0.0,0.5
27/12/2019 19:33,0.4019,1.0
27/12/2019 20:52,-0.4215,0.0
04/01/2020 16:04,0.1779,0.5
06/01/2020 16:20,0.25,1.0
06/01/2020 19:08,0.1779,0.5
08/01/2020 01:22,0.5859,1.0
11/01/2020 12:49,-0.0516,0.5
12/01/2020 19:04,0.0,0.5
13/01/2020 02:34,0.0,0.5
13/01/2020 13:04,0.1779,0.5
13/01/2020 15:35,0.1779,0.5
13/01/2020 21:24,0.1779,0.5
14/01/2020 05:46,-0.296,0.0
14/01/2020 16:43,-0.0516,0.5
14/01/2020 19:53,0.1779,0.5
14/01/2020 23:10,0.0,0.5
14/01/2020 23:26,0.1779,0.5
15/01/2020 06:32,0.1779,0.5
15/01/2020 18:57,-0.1779,0.5
16/01/2020 13:37,0.1779,0.5
16/01/2020 16:15,0.1779,0.5
17/01/2020 06:30,0.1531,0.5
17/01/2020 20:14,0.1531,0.5
22/01/2020 17:22,0.1779,0.5
23/01/2020 03:37,0.1779,0.5
23/01/2020 14:04,0.0,0.5
23/01/2020 17:59,0.6705,1.0
23/01/2020 21:03,0.1779,0.5
28/01/2020 23:36,-0.2263,0.0
29/01/2020 22:18,0.0258,0.5
30/01/2020 21:05,0.5267,1.0
31/01/2020 01:26,0.5267,1.0
31/01/2020 14:37,0.25,1.0
31/01/2020 15:22,-0.25,0.0
01/02/2020 01:11,0.5719,1.0
03/02/2020 15:09,0.1779,0.5
03/02/2020 15:34,0.1779,0.5
04/02/2020 05:52,-0.2263,0.0
05/02/2020 15:11,0.3182,1.0
05/02/2020 17:21,-0.128,0.5
07/02/2020 22:25,-0.3182,0.0
10/02/2020 14:25,0.1779,0.5
10/02/2020 18:17,0.3313,1.0
10/02/2020 20:19,-0.2732,0.0
10/02/2020 20:30,0.5423,1.0
10/02/2020 21:20,0.5423,1.0
11/02/2020 01:54,0.25,1.0
11/02/2020 16:52,0.0,0.5
13/02/2020 19:32,0.0,0.5
14/02/2020 02:16,0.3818,1.0
14/02/2020 08:31,0.1779,0.5
15/02/2020 01:17,0.1779,0.5
19/02/2020 00:21,0.4019,1.0
19/02/2020 10:05,0.1779,0.5
19/02/2020 12:41,0.0,0.5
19/02/2020 12:54,0.1779,0.5
19/02/2020 15:48,-0.128,0.5
19/02/2020 21:03,0.0,0.5
21/02/2020 19:33,0.25,1.0
23/02/2020 15:07,0.1779,0.5
24/02/2020 06:51,0.1779,0.5
25/02/2020 19:29,0.2732,1.0
27/02/2020 20:36,0.1779,0.5
28/02/2020 18:10,-0.128,0.5
28/02/2020 20:28,0.1779,0.5
28/02/2020 23:08,-0.0258,0.5
02/03/2020 05:58,0.1779,0.5
03/03/2020 08:15,0.1779,0.5
03/03/2020 15:55,0.3818,1.0
03/03/2020 16:12,0.5574,1.0
04/03/2020 03:23,0.1779,0.5
04/03/2020 16:55,-0.0516,0.5
04/03/2020 22:19,0.1779,0.5
04/03/2020 23:13,0.1779,0.5
07/03/2020 01:43,0.5267,1.0
07/03/2020 16:24,0.6908,1.0
07/03/2020 20:50,0.4019,1.0
09/03/2020 20:13,0.3818,1.0
10/03/2020 01:21,0.1779,0.5
11/03/2020 19:57,-0.5423,0.0
12/03/2020 19:15,-0.5267,0.0
12/03/2020 20:24,-0.5267,0.0
12/03/2020 21:29,0.1779,0.5
12/03/2020 22:14,0.1779,0.5
14/03/2020 18:36,0.6486,1.0
14/03/2020 22:18,0.0,0.5
16/03/2020 19:49,0.0,0.5
16/03/2020 20:17,-0.2732,0.0
16/03/2020 22:43,0.0772,0.5
17/03/2020 14:16,-0.1531,0.5
17/03/2020 14:29,-0.2732,0.0
17/03/2020 17:09,0.296,1.0
17/03/2020 18:57,0.296,1.0
17/03/2020 21:39,0.296,1.0
18/03/2020 00:17,0.4404,1.0
18/03/2020 01:32,0.25,1.0
18/03/2020 15:08,-0.0772,0.5
18/03/2020 18:38,-0.0772,0.5
18/03/2020 19:03,0.5423,1.0
19/03/2020 06:23,0.6486,1.0
19/03/2020 14:02,-0.3612,0.0
19/03/2020 15:39,-0.128,0.5
19/03/2020 16:59,0.1779,0.5
19/03/2020 17:29,0.1779,0.5
19/03/2020 19:00,0.3434,1.0
19/03/2020 20:13,0.0516,0.5
19/03/2020 23:19,-0.1027,0.5
20/03/2020 12:52,0.0,0.5
20/03/2020 16:33,0.1779,0.5
20/03/2020 19:23,0.1779,0.5
20/03/2020 20:30,0.5423,1.0
21/03/2020 02:02,0.5423,1.0
21/03/2020 17:04,-0.1027,0.5
21/03/2020 17:52,-0.1027,0.5
22/03/2020 01:47,0.0772,0.5
23/03/2020 19:44,0.1779,0.5
24/03/2020 00:18,-0.6486,0.0
24/03/2020 01:44,0.1779,0.5
24/03/2020 13:28,-0.128,0.5
24/03/2020 15:02,-0.128,0.5
25/03/2020 17:24,0.4585,1.0
25/03/2020 20:38,0.0,0.5
25/03/2020 21:22,0.296,1.0
25/03/2020 21:54,-0.197,0.5
26/03/2020 18:28,0.1779,0.5
27/03/2020 02:19,0.0,0.5
27/03/2020 13:53,0.1779,0.5
27/03/2020 16:53,0.128,0.5
27/03/2020 23:01,0.6486,1.0
28/03/2020 14:59,-0.1027,0.5
28/03/2020 15:32,0.2023,1.0
29/03/2020 19:04,-0.25,0.0
30/03/2020 20:47,0.0516,0.5
31/03/2020 01:07,0.0,0.5
31/03/2020 02:47,-0.4588,0.0
31/03/2020 10:22,-0.5994,0.0
31/03/2020 10:22,0.0,0.5
01/04/2020 01:53,-0.1779,0.5
01/04/2020 18:03,-0.0772,0.5
02/04/2020 01:15,-0.3818,0.0
02/04/2020 18:02,0.7964,1.0
02/04/2020 18:19,0.296,1.0
02/04/2020 22:36,0.0516,0.5
03/04/2020 01:45,0.0516,0.5
03/04/2020 20:49,0.5994,1.0
03/04/2020 22:10,-0.296,0.0
04/04/2020 11:00,0.0,0.5
04/04/2020 21:54,0.296,1.0
06/04/2020 20:32,0.0,0.5
07/04/2020 08:16,0.1779,0.5
07/04/2020 22:14,-0.1531,0.5
07/04/2020 23:29,-0.0516,0.5
08/04/2020 05:36,-0.1531,0.5
08/04/2020 23:55,-0.4019,0.0
13/04/2020 06:00,0.296,1.0
13/04/2020 14:21,0.1779,0.5
13/04/2020 15:31,0.1779,0.5
13/04/2020 20:30,0.296,1.0
14/04/2020 13:06,0.1779,0.5
14/04/2020 15:56,-0.3182,0.0
14/04/2020 17:20,0.1779,0.5
15/04/2020 02:19,-0.128,0.5
15/04/2020 09:52,0.1779,0.5
15/04/2020 12:52,-0.1531,0.5
15/04/2020 14:34,0.1779,0.5
15/04/2020 18:24,0.0,0.5
15/04/2020 22:25,-0.6249,0.0
16/04/2020 07:41,0.2732,1.0
16/04/2020 08:48,0.2919,1.0
16/04/2020 10:37,0.2732,1.0
16/04/2020 16:24,-0.128,0.5
16/04/2020 20:03,0.1779,0.5
16/04/2020 20:25,0.1779,0.5
17/04/2020 06:34,0.5423,1.0
17/04/2020 14:52,0.1779,0.5
17/04/2020 16:18,0.1779,0.5
17/04/2020 22:38,0.25,1.0
18/04/2020 12:06,0.25,1.0
18/04/2020 23:11,0.296,1.0
19/04/2020 13:04,-0.0772,0.5
19/04/2020 14:07,-0.0772,0.5
21/04/2020 11:36,0.3182,1.0
21/04/2020 13:03,-0.2732,0.0
21/04/2020 17:06,0.296,1.0
21/04/2020 17:48,-0.25,0.0
21/04/2020 20:51,0.5423,1.0
22/04/2020 12:51,0.1779,0.5
24/04/2020 09:16,-0.1531,0.5
24/04/2020 12:59,-0.5267,0.0
24/04/2020 17:37,0.0258,0.5
24/04/2020 19:17,0.1779,0.5
24/04/2020 19:59,0.128,0.5
24/04/2020 22:22,0.0,0.5
25/04/2020 10:51,-0.5859,0.0
27/04/2020 00:49,-0.4767,0.0
27/04/2020 18:50,0.296,1.0
28/04/2020 15:54,0.4215,1.0
28/04/2020 16:37,-0.5267,0.0
29/04/2020 14:07,0.1779,0.5
29/04/2020 16:31,0.0,0.5
29/04/2020 18:49,-0.34,0.0
29/04/2020 19:17,0.0,0.5
29/04/2020 19:34,0.6705,1.0
30/04/2020 20:13,0.1779,0.5
01/05/2020 01:34,-0.1531,0.5
01/05/2020 10:58,-0.3818,0.0
01/05/2020 13:31,-0.1027,0.5
01/05/2020 14:55,0.0,0.5
01/05/2020 17:42,-0.0772,0.5
01/05/2020 18:11,0.0,0.5
01/05/2020 22:08,-0.0516,0.5
04/05/2020 17:49,0.34,1.0
04/05/2020 17:54,0.34,1.0
04/05/2020 19:09,0.1779,0.5
05/05/2020 16:37,0.1779,0.5
05/05/2020 22:50,0.0,0.5
07/05/2020 18:35,0.34,1.0
07/05/2020 19:55,0.6249,1.0
10/05/2020 08:51,0.1779,0.5
11/05/2020 20:09,0.0,0.5
12/05/2020 21:32,0.1779,0.5
13/05/2020 08:15,0.34,1.0
13/05/2020 14:39,-0.1779,0.5
13/05/2020 17:21,0.2023,1.0
13/05/2020 17:32,0.1779,0.5
13/05/2020 18:57,0.0,0.5
14/05/2020 16:02,0.4215,1.0
15/05/2020 04:12,0.0,0.5
15/05/2020 06:58,-0.3612,0.0
15/05/2020 19:21,0.1779,0.5
15/05/2020 19:56,0.1779,0.5
16/05/2020 04:24,0.1779,0.5
18/05/2020 15:18,0.0,0.5
18/05/2020 17:00,0.0,0.5
20/05/2020 16:08,-0.1935,0.5
21/05/2020 02:28,0.1779,0.5
21/05/2020 11:00,0.5267,1.0
21/05/2020 11:56,0.1779,0.5
21/05/2020 13:33,0.1779,0.5
21/05/2020 14:26,0.1779,0.5
21/05/2020 18:08,-0.0516,0.5
22/05/2020 09:12,0.3612,1.0
22/05/2020 22:10,-0.4404,0.0
26/05/2020 13:53,0.0,0.5
27/05/2020 00:44,0.4019,1.0
27/05/2020 01:20,0.4019,1.0
28/05/2020 17:00,0.1779,0.5
31/05/2020 07:58,-0.5106,0.0
31/05/2020 18:47,0.0,0.5
01/06/2020 13:20,0.0,0.5
03/06/2020 20:15,0.1779,0.5
03/06/2020 20:48,0.1779,0.5
03/06/2020 22:50,0.1779,0.5
04/06/2020 01:45,0.1779,0.5
04/06/2020 11:08,0.296,1.0
05/06/2020 09:27,0.1779,0.5
05/06/2020 10:10,0.1779,0.5
08/06/2020 19:42,-0.2263,0.0
10/06/2020 13:36,0.0,0.5
10/06/2020 16:07,0.128,0.5
10/06/2020 21:36,0.1779,0.5
11/06/2020 01:02,-0.7311,0.0
11/06/2020 02:16,0.1779,0.5
11/06/2020 07:03,-0.128,0.5
11/06/2020 10:41,-0.2732,0.0
11/06/2020 11:15,0.296,1.0
11/06/2020 15:02,-0.128,0.5
11/06/2020 15:53,-0.2732,0.0
11/06/2020 17:24,0.1779,0.5
11/06/2020 17:39,-0.1027,0.5
12/06/2020 17:38,0.1779,0.5
12/06/2020 18:58,0.0,0.5
12/06/2020 19:29,0.0,0.5
15/06/2020 15:14,0.1779,0.5
15/06/2020 18:16,0.0,0.5
16/06/2020 02:27,0.1779,0.5
16/06/2020 07:14,0.0772,0.5
16/06/2020 10:32,0.1779,0.5
16/06/2020 22:34,-0.1779,0.5
17/06/2020 00:56,0.1779,0.5
17/06/2020 19:23,0.4512,1.0
17/06/2020 23:52,0.1779,0.5
18/06/2020 00:37,0.4512,1.0
18/06/2020 10:44,0.1779,0.5
18/06/2020 10:51,0.0258,0.5
18/06/2020 14:17,-0.0516,0.5
19/06/2020 00:56,-0.0516,0.5
19/06/2020 21:51,0.296,1.0
23/06/2020 11:17,0.6705,1.0
23/06/2020 17:07,0.6705,1.0
24/06/2020 13:13,0.4939,1.0
24/06/2020 15:42,0.4939,1.0
25/06/2020 04:05,0.0516,0.5
25/06/2020 19:30,0.4588,1.0
26/06/2020 05:41,0.3612,1.0
26/06/2020 14:56,0.3612,1.0
27/06/2020 10:50,0.1779,0.5
28/06/2020 19:30,0.0516,0.5
29/06/2020 09:36,0.1779,0.5
29/06/2020 14:16,0.5994,1.0
29/06/2020 21:39,0.1779,0.5
01/07/2020 13:39,0.1779,0.5
02/07/2020 18:58,-0.1779,0.5
03/07/2020 10:36,-0.1779,0.5
07/07/2020 00:28,0.0,0.5
07/07/2020 17:16,0.0,0.5
07/07/2020 22:30,0.0,0.5
08/07/2020 07:32,0.4588,1.0
08/07/2020 22:14,0.1779,0.5
09/07/2020 23:05,0.6124,1.0
10/07/2020 16:16,0.1779,0.5
10/07/2020 17:14,0.0772,0.5
10/07/2020 20:23,0.1779,0.5
10/07/2020 21:12,-0.743,0.0
11/07/2020 01:28,0.0,0.5
14/07/2020 13:17,0.1779,0.5
14/07/2020 14:05,0.0,0.5
15/07/2020 18:31,-0.1027,0.5
15/07/2020 19:07,0.0258,0.5
17/07/2020 17:54,0.0,0.5
17/07/2020 22:58,0.5859,1.0
22/07/2020 11:29,0.1779,0.5
23/07/2020 07:45,0.1779,0.5
23/07/2020 10:53,0.1779,0.5
23/07/2020 14:13,0.1779,0.5
24/07/2020 01:28,-0.2263,0.0
24/07/2020 05:45,-0.2263,0.0
27/07/2020 17:55,0.1779,0.5
27/07/2020 19:26,0.1779,0.5
28/07/2020 07:32,0.25,1.0
28/07/2020 08:17,0.0,0.5
28/07/2020 14:24,0.5106,1.0
29/07/2020 10:04,0.0,0.5
29/07/2020 13:37,0.4939,1.0
29/07/2020 14:52,0.0,0.5
29/07/2020 15:56,0.0,0.5
29/07/2020 22:27,0.0,0.5
30/07/2020 01:32,0.5859,1.0
30/07/2020 20:12,0.1779,0.5
31/07/2020 00:53,0.0,0.5
31/07/2020 03:30,0.5574,1.0
31/07/2020 03:39,0.1779,0.5
04/08/2020 10:31,0.25,1.0
04/08/2020 11:33,0.0772,0.5
04/08/2020 12:50,0.1779,0.5
04/08/2020 14:36,0.1779,0.5
05/08/2020 20:56,0.0,0.5
05/08/2020 22:03,0.3818,1.0
06/08/2020 16:40,0.5859,1.0
06/08/2020 18:37,0.1779,0.5
07/08/2020 01:47,0.0,0.5
09/08/2020 22:36,0.1779,0.5
13/08/2020 21:54,-0.296,0.0
14/08/2020 06:46,0.1779,0.5
14/08/2020 13:51,0.0,0.5
14/08/2020 14:54,0.1779,0.5
16/08/2020 17:58,0.6486,1.0
17/08/2020 10:58,0.1779,0.5
17/08/2020 14:16,0.0,0.5
17/08/2020 14:37,0.296,1.0
17/08/2020 18:26,0.1779,0.5
17/08/2020 18:55,0.5267,1.0
18/08/2020 13:35,-0.25,0.0
18/08/2020 17:06,0.5267,1.0
19/08/2020 09:45,0.2732,1.0
19/08/2020 22:12,0.2732,1.0
20/08/2020 23:56,0.4404,1.0
21/08/2020 08:21,0.0387,0.5
21/08/2020 13:27,0.0,0.5
21/08/2020 17:00,0.0,0.5
24/08/2020 13:40,0.6486,1.0
25/08/2020 20:40,-0.0772,0.5
26/08/2020 10:29,0.2023,1.0
26/08/2020 15:18,0.3612,1.0
26/08/2020 23:30,0.2023,1.0
27/08/2020 08:05,0.0,0.5
27/08/2020 13:21,0.4215,1.0
27/08/2020 18:49,0.4215,1.0
28/08/2020 07:24,0.1779,0.5
31/08/2020 19:47,0.5859,1.0
01/09/2020 15:15,0.0,0.5
01/09/2020 15:51,0.0,0.5
02/09/2020 04:58,0.0,0.5
02/09/2020 09:19,0.0,0.5
03/09/2020 08:20,0.4215,1.0
03/09/2020 15:32,-0.4404,0.0
03/09/2020 17:22,-0.128,0.5
04/09/2020 02:10,0.5719,1.0
04/09/2020 06:15,0.5719,1.0
04/09/2020 15:05,0.1779,0.5
05/09/2020 00:17,0.6369,1.0
07/09/2020 12:58,0.1779,0.5
09/09/2020 03:23,0.6705,1.0
09/09/2020 11:02,-0.6597,0.0
09/09/2020 12:55,0.1779,0.5
10/09/2020 01:51,0.1779,0.5
10/09/2020 06:26,0.7184,1.0
10/09/2020 06:33,0.1779,0.5
10/09/2020 13:07,0.0,0.5
10/09/2020 20:00,-0.5719,0.0
14/09/2020 05:25,0.0,0.5
14/09/2020 08:06,0.0,0.5
14/09/2020 10:49,0.1779,0.5
16/09/2020 09:24,0.1779,0.5
17/09/2020 13:36,-0.296,0.0
17/09/2020 13:42,0.0,0.5
18/09/2020 17:38,0.0772,0.5
18/09/2020 17:42,0.6705,1.0
18/09/2020 18:07,0.6705,1.0
18/09/2020 18:37,0.0772,0.5
22/09/2020 22:23,0.6939,1.0
23/09/2020 06:28,0.5267,1.0
23/09/2020 14:19,-0.2263,0.0
24/09/2020 17:12,0.1779,0.5
24/09/2020 20:22,-0.3182,0.0
24/09/2020 22:38,0.0772,0.5
25/09/2020 16:46,0.1779,0.5
28/09/2020 11:48,0.1779,0.5
28/09/2020 19:07,-0.1027,0.5
28/09/2020 19:24,0.1779,0.5
29/09/2020 02:05,-0.1027,0.5
29/09/2020 12:35,0.4019,1.0
29/09/2020 18:38,0.1779,0.5
30/09/2020 01:04,0.0,0.5
30/09/2020 08:06,0.4215,1.0
30/09/2020 08:40,0.4215,1.0
01/10/2020 09:59,0.0,0.5
01/10/2020 18:43,0.1779,0.5
01/10/2020 21:04,0.1779,0.5
01/10/2020 22:02,0.3612,1.0
03/10/2020 07:05,0.1779,0.5
06/10/2020 15:49,-0.4767,0.0
07/10/2020 15:33,0.296,1.0
08/10/2020 07:01,0.1779,0.5
09/10/2020 03:57,0.5719,1.0
09/10/2020 18:44,0.2023,1.0
12/10/2020 01:48,0.1779,0.5
12/10/2020 23:54,0.4215,1.0
13/10/2020 11:06,-0.2263,0.0
13/10/2020 13:35,-0.2732,0.0
13/10/2020 14:58,0.5267,1.0
13/10/2020 20:02,-0.1779,0.5
14/10/2020 17:10,0.296,1.0
15/10/2020 06:52,0.0,0.5
15/10/2020 19:10,0.1779,0.5
15/10/2020 23:16,0.6794,1.0
16/10/2020 04:26,0.1779,0.5
17/10/2020 08:54,-0.34,0.0
20/10/2020 12:56,0.2023,1.0
20/10/2020 13:14,0.0,0.5
20/10/2020 13:20,0.2023,1.0
20/10/2020 17:47,0.4767,1.0
21/10/2020 01:11,0.296,1.0
22/10/2020 05:40,0.1779,0.5
23/10/2020 15:47,0.1779,0.5
26/10/2020 09:43,0.0,0.5
26/10/2020 18:13,-0.4939,0.0
28/10/2020 06:28,0.0,0.5
28/10/2020 08:19,0.1779,0.5
28/10/2020 11:02,0.4019,1.0
28/10/2020 15:37,-0.4404,0.0
28/10/2020 18:27,0.2023,1.0
28/10/2020 18:33,0.1779,0.5
29/10/2020 20:04,0.1779,0.5
30/10/2020 09:08,0.1779,0.5
30/10/2020 11:13,0.7003,1.0
30/10/2020 11:56,0.0,0.5
30/10/2020 12:26,0.1779,0.5
30/10/2020 18:49,0.0,0.5
30/10/2020 22:58,-0.5994,0.0
31/10/2020 07:41,-0.128,0.5
31/10/2020 21:12,0.1779,0.5
01/11/2020 14:34,-0.25,0.0
03/11/2020 16:39,0.4939,1.0
04/11/2020 19:15,0.0,0.5
05/11/2020 18:32,0.1779,0.5
06/11/2020 02:04,-0.4215,0.0
07/11/2020 15:21,0.25,1.0
09/11/2020 03:48,0.2732,1.0
10/11/2020 02:35,0.0,0.5
10/11/2020 04:18,0.0,0.5
10/11/2020 09:59,-0.1027,0.5
10/11/2020 12:50,-0.1027,0.5
10/11/2020 12:51,0.1779,0.5
10/11/2020 12:53,-0.1027,0.5
10/11/2020 16:14,-0.1779,0.5
10/11/2020 22:37,0.1027,0.5
11/11/2020 08:19,-0.0258,0.5
11/11/2020 09:48,-0.6486,0.0
11/11/2020 14:08,0.0,0.5
11/11/2020 14:33,-0.4767,0.0
11/11/2020 14:34,0.0,0.5
12/11/2020 17:40,0.1779,0.5
12/11/2020 20:50,-0.5859,0.0
13/11/2020 02:14,-0.5859,0.0
17/11/2020 07:46,0.1779,0.5
17/11/2020 11:00,0.1779,0.5
17/11/2020 12:55,0.34,1.0
17/11/2020 16:21,-0.128,0.5
17/11/2020 19:48,0.1779,0.5
17/11/2020 20:24,-0.4404,0.0
18/11/2020 08:01,0.4939,1.0
20/11/2020 04:27,0.1779,0.5
20/11/2020 12:00,0.25,1.0
20/11/2020 12:31,0.0772,0.5
20/11/2020 14:12,0.1779,0.5
20/11/2020 15:25,0.0772,0.5
20/11/2020 17:06,-0.128,0.5
21/11/2020 00:52,0.25,1.0
24/11/2020 16:05,0.0,0.5
25/11/2020 14:50,-0.4767,0.0
25/11/2020 17:53,0.0,0.5
26/11/2020 09:28,0.0,0.5
26/11/2020 10:24,0.0,0.5
26/11/2020 17:14,0.0516,0.5
26/11/2020 18:12,0.7906,1.0
27/11/2020 11:58,0.2732,1.0
27/11/2020 13:57,-0.5859,0.0
29/11/2020 15:10,0.0516,0.5
29/11/2020 17:04,0.0516,0.5
30/11/2020 12:21,0.1779,0.5
